Name,Age,Email,Salary,City
BQKCF,27,bqkcf@example.com,63825.69,New York
AKXEG,56,akxeg@example.com,85247.83,Houston
LJHUC,45,ljhuc@example.com,91621.92,Chicago
OMPOI,61,ompoi@example.com,90784.33,Los Angeles
BHTLF,39,bhtlf@example.com,111845.27,Phoenix
GHLKR,59,ghlkr@example.com,87159.93,Chicago
Name,Age,Email,Salary,City
ZAWHA,39,zawha@example.com,129204.51,Los Angeles
LUHEZ,65,luhez@example.com,44391.51,New York
HYNNV,43,hynnv@example.com,77932.32,Chicago
IBJTS,60,ibjts@example.com,104556.45,Miami
LXYXP,55,lxyxp@example.com,87553.83,Boston
CYPKE,50,cypke@example.com,60276.94,Chicago
AZHNO,63,azhno@example.com,93813.73,Houston
AEQON,30,aeqon@example.com,61256.93,San Francisco
TITIU,28,titiu@example.com,77864.18,San Jose
WDBVW,34,wdbvw@example.com,92548.72,Los Angeles
TIXYR,58,tixyr@example.com,89244.16,Dallas
XUVWL,26,xuvwl@example.com,49032.88,New York
OCAQY,38,ocaqy@example.com,75192.71,Phoenix
DPEXY,37,dpexy@example.com,92922.87,San Francisco
TVTTI,29,tvtti@example.com,46821.39,Chicago
SBONH,55,sbonh@example.com,115672.76,Miami
FHZOB,47,fhzob@example.com,96451.63,Los Angeles
KGKRU,66,kgkru@example.com,93722.19,Boston
AQWLF,44,aqwlf@example.com,67843.47,San Francisco
HAPXN,61,hapxn@example.com,81521.62,New York
ZBCFI,59,zbcfi@example.com,100189.73,Miami
EZBLO,55,ezblo@example.com,88239.56,San Jose
PKVUI,29,pkvui@example.com,87663.87,Chicago
QKIEG,36,qkieg@example.com,110221.99,Los Angeles
HECSY,64,hecsy@example.com,65462.74,Houston
AALPF,60,aalpf@example.com,87173.62,Miami
TVOPP,44,tvopp@example.com,68229.91,San Francisco
SYZNV,57,syznv@example.com,93653.04,New York
ACJXP,42,acjxp@example.com,62188.85,San Jose
ZMTWG,31,zmtwg@example.com,112563.67,Phoenix
JKNJS,46,jknjs@example.com,69092.92,Dallas
NBQYW,27,nbqyw@example.com,74532.18,Chicago
PXSXY,58,pxsxy@example.com,99780.01,San Francisco
XYUVK,50,xyuvk@example.com,73261.87,Los Angeles
GPKAB,41,gpkab@example.com,101783.61,Miami
EXMYS,45,exmys@example.com,90256.92,San Jose
RXYKT,28,rxykt@example.com,56329.46,Chicago
FUGHP,49,fughp@example.com,76094.15,Houston
LACZK,52,laczk@example.com,85068.57,San Francisco
VPMUB,56,vpmub@example.com,62452.12,Miami
YYEQD,39,yyeqd@example.com,77083.73,Boston
BPKNO,45,bpkno@example.com,78333.89,San Francisco
IRGEV,35,irgev@example.com,86753.58,Chicago
EGOPC,51,egopc@example.com,102942.45,Los Angeles
JNYOV,37,jnyov@example.com,86519.02,Miami
SHRNV,31,shrnv@example.com,76958.21,San Jose
JQWQF,40,jqwqf@example.com,87239.54,Houston
AHTAI,64,ahtai@example.com,106343.67,Los Angeles
JAWEX,60,jawex@example.com,99653.21,San Francisco
PRSCV,62,prscv@example.com,85031.85,Miami
SLJKI,51,sljki@example.com,95772.94,Houston
